Dates,Susceptible,VaccinatedSusceptible,Infected,VaccinatedInfected,Hospitalized,VaccinatedHospitalized,Recovered,Extinct
01/09/2020,0.999521739,0,0.000141304,0,2.17E-06,0,0.000334783,0
02/09/2020,0.999520652,0,0.000132609,0,2.17E-06,0,0.000344565,0
03/09/2020,0.999519565,0,0.000128261,0,2.17E-06,0,0.00035,0
04/09/2020,0.999515217,0,0.000121739,0,0,0,0.000363043,0
05/09/2020,0.99951413,0,0.000115217,0,0,0,0.000370652,0
06/09/2020,0.99951413,0,0.00011087,0,0,0,0.000375,0
07/09/2020,0.999513043,0,0.000104348,0,0,0,0.000382609,0
08/09/2020,0.99951087,0,9.89E-05,0,0,0,0.000390217,0
09/09/2020,0.999508696,0,8.91E-05,0,0,0,0.000402174,0
10/09/2020,0.999506522,0,8.59E-05,0,0,0,0.000407609,0
11/09/2020,0.999502174,0,7.93E-05,0,0,0,0.000418478,0
12/09/2020,0.999497826,0,7.61E-05,0,0,0,0.000426087,0
13/09/2020,0.999497826,0,7.39E-05,0,0,0,0.000428261,0
14/09/2020,0.999491304,0,7.39E-05,0,1.09E-06,0,0.000433696,0
15/09/2020,0.999482609,0,7.17E-05,0,1.09E-06,0,0.000444565,0
16/09/2020,0.999473913,0,7.28E-05,0,1.09E-06,0,0.000452174,0
17/09/2020,0.999465217,0,6.96E-05,0,2.17E-06,0,0.000463043,0
18/09/2020,0.999453261,0,7.83E-05,0,2.17E-06,0,0.000466304,0
19/09/2020,0.999444565,0,8.48E-05,0,2.17E-06,0,0.000468478,0
20/09/2020,0.999434783,0,9.02E-05,0,4.35E-06,0,0.000470652,0
21/09/2020,0.999427174,0,9.57E-05,0,4.35E-06,0,0.000472826,0
22/09/2020,0.99941413,0,0.000106522,0,5.43E-06,0,0.000473913,0
23/09/2020,0.999388043,0,0.000128261,0,6.52E-06,0,0.000477174,0
24/09/2020,0.999378261,0,0.000132609,0,8.70E-06,0,0.000480435,0
25/09/2020,0.999357609,0,0.000148913,0,8.70E-06,0,0.000484783,0
26/09/2020,0.999353261,0,0.000140217,0,1.09E-05,0,0.000495652,0
27/09/2020,0.99933587,0,0.000151087,0,1.30E-05,0,0.0005,0
28/09/2020,0.999313043,0,0.000173913,0,1.09E-05,0,0.000502174,0
29/09/2020,0.999298913,0,0.000186957,0,7.61E-06,0,0.000506522,0
30/09/2020,0.999283696,0,0.0002,0,7.61E-06,0,0.000508696,0
01/10/2020,0.999271739,0,0.000209783,0,5.43E-06,0,0.000513043,0
02/10/2020,0.999254348,0,0.000222826,0,6.52E-06,0,0.000516304,0
03/10/2020,0.999233696,0,0.000238043,0,5.43E-06,0,0.000522826,0
04/10/2020,0.999217391,0,0.000245652,0,5.43E-06,0,0.000531522,0
05/10/2020,0.999188043,0,0.000273913,0,5.43E-06,0,0.000532609,0
06/10/2020,0.999171739,0,0.000284783,0,4.35E-06,0,0.00053913,0
07/10/2020,0.999134783,0,0.000313043,0,3.26E-06,0,0.000548913,0
08/10/2020,0.999113043,0,0.000323913,0,6.52E-06,0,0.000556522,0
09/10/2020,0.999076087,0,0.000352174,0,4.35E-06,0,0.000567391,0
10/10/2020,0.999058696,0,0.00036087,0,4.35E-06,0,0.000576087,0
11/10/2020,0.999015217,0,0.000396739,0,4.35E-06,0,0.000583696,0
12/10/2020,0.998954348,0,0.000444565,0,6.52E-06,0,0.000594565,0
13/10/2020,0.998895652,0,0.000492391,0,7.61E-06,0,0.000604348,0
14/10/2020,0.998801087,0,0.000577174,0,6.52E-06,0,0.000615217,0
15/10/2020,0.99866087,0,0.000688043,0,1.30E-05,0,0.000638043,0
16/10/2020,0.998548913,0,0.00078587,0,1.52E-05,0,0.00065,0
17/10/2020,0.998467391,0,0.000845652,0,2.39E-05,0,0.000663043,0
18/10/2020,0.998421739,0,0.000883696,0,2.28E-05,0,0.000671739,0
19/10/2020,0.998288043,0,0.000996739,0,2.61E-05,0,0.00068913,0
20/10/2020,0.998152174,0,0.001107609,0,2.28E-05,0,0.000717391,0
21/10/2020,0.998002174,0,0.001241304,0,2.61E-05,0,0.000730435,0
22/10/2020,0.997851087,0,0.001377174,0,2.28E-05,0,0.000748913,0
23/10/2020,0.997723913,0,0.001492391,0,2.28E-05,0,0.00076087,0
24/10/2020,0.997645652,0,0.00155,0,2.50E-05,0,0.000779348,0
25/10/2020,0.99755,0,0.001629348,0,2.39E-05,0,0.000796739,0
26/10/2020,0.997391304,0,0.001765217,0,2.61E-05,0,0.000817391,0
27/10/2020,0.997277174,0,0.001845652,0,2.72E-05,0,0.00085,0
28/10/2020,0.997179348,0,0.001920652,0,2.50E-05,0,0.000875,0
29/10/2020,0.997042391,0,0.002019565,0,2.83E-05,0,0.000909783,0
30/10/2020,0.996856522,0,0.002177174,0,2.83E-05,0,0.000938043,0
31/10/2020,0.996728261,0,0.002267391,0,2.72E-05,0,0.000977174,0
01/11/2020,0.99658587,0,0.002392391,0,2.61E-05,0,0.000995652,0
02/11/2020,0.996409783,0,0.002525,0,2.61E-05,0,0.00103913,0
03/11/2020,0.996247826,0,0.002629348,0,2.50E-05,0,0.001096739,1.09E-06
04/11/2020,0.996002174,0,0.00281087,0,2.83E-05,0,0.001157609,1.09E-06
05/11/2020,0.995786957,0,0.002920652,0,3.37E-05,0,0.001257609,1.09E-06
06/11/2020,0.995528261,0,0.003036957,0,3.15E-05,0,0.001402174,1.09E-06
07/11/2020,0.995382609,0,0.003068478,0,2.93E-05,0,0.001518478,1.09E-06
08/11/2020,0.995291304,0,0.00306087,0,3.15E-05,0,0.001615217,1.09E-06
09/11/2020,0.99508913,0,0.003208696,0,3.26E-05,0,0.001668478,1.09E-06
10/11/2020,0.99491087,0,0.003254348,0,2.72E-05,0,0.001806522,1.09E-06
11/11/2020,0.994704348,0,0.003318478,0,2.72E-05,0,0.001948913,1.09E-06
12/11/2020,0.994478261,0,0.00338913,0,2.50E-05,0,0.002106522,1.09E-06
13/11/2020,0.994292391,0,0.003421739,0,2.61E-05,0,0.002258696,1.09E-06
14/11/2020,0.994145652,0,0.003434783,0,2.93E-05,0,0.00238913,1.09E-06
15/11/2020,0.994017391,0,0.003479348,0,2.50E-05,0,0.002477174,1.09E-06
16/11/2020,0.993747826,0,0.003646739,0,2.72E-05,0,0.002577174,1.09E-06
17/11/2020,0.993502174,0,0.003729348,0,2.72E-05,0,0.002740217,1.09E-06
18/11/2020,0.993227174,0,0.00388913,0,3.04E-05,0,0.002852174,1.09E-06
19/11/2020,0.992943478,0,0.00406087,0,3.48E-05,0,0.002959783,1.09E-06
20/11/2020,0.992622826,0,0.004201087,0,4.46E-05,0,0.003130435,1.09E-06
21/11/2020,0.992413043,0,0.004118478,0,4.46E-05,0,0.003422826,1.09E-06
22/11/2020,0.992195652,0,0.00411413,0,4.89E-05,0,0.003640217,1.09E-06
23/11/2020,0.991901087,0,0.004186957,0,5.00E-05,0,0.00386087,1.09E-06
24/11/2020,0.991628261,0,0.004163043,0,5.54E-05,0,0.004152174,1.09E-06
25/11/2020,0.991347826,0,0.004138043,0,5.65E-05,0,0.004456522,1.09E-06
26/11/2020,0.991098913,0,0.003997826,0,6.09E-05,0,0.004841304,1.09E-06
27/11/2020,0.990816304,0,0.003940217,0,6.20E-05,0,0.005180435,1.09E-06
28/11/2020,0.99058913,0,0.003913043,0,6.85E-05,0,0.005428261,1.09E-06
29/11/2020,0.990407609,0,0.003952174,0,7.50E-05,0,0.00556413,1.09E-06
30/11/2020,0.990063043,0,0.004179348,0,7.50E-05,0,0.005681522,1.09E-06
01/12/2020,0.989694565,0,0.004332609,0,6.85E-05,0,0.005903261,1.09E-06
02/12/2020,0.989422826,0,0.004377174,0,6.96E-05,0,0.006129348,1.09E-06
03/12/2020,0.989086957,0,0.004415217,0,6.63E-05,0,0.006430435,1.09E-06
04/12/2020,0.988826087,0,0.004347826,0,6.20E-05,0,0.006761957,2.17E-06
05/12/2020,0.988701087,0,0.004296739,0,6.85E-05,0,0.006931522,2.17E-06
06/12/2020,0.98863587,0,0.004253261,0,7.50E-05,0,0.007033696,2.17E-06
07/12/2020,0.988536957,0,0.004108696,0,7.28E-05,0,0.007279348,2.17E-06
08/12/2020,0.988421739,0,0.003967391,0,7.17E-05,0,0.007536957,2.17E-06
09/12/2020,0.988231522,0,0.003976087,0,7.17E-05,0,0.007718478,2.17E-06
10/12/2020,0.987951087,0,0.004098913,0,6.96E-05,0,0.007877174,3.26E-06
11/12/2020,0.987617391,0,0.004318478,0,7.07E-05,0,0.007990217,3.26E-06
12/12/2020,0.98725,0,0.004483696,0,7.17E-05,0,0.008191304,3.26E-06
13/12/2020,0.986901087,0,0.004721739,0,7.28E-05,0,0.008301087,3.26E-06
14/12/2020,0.986505435,0,0.004858696,0,7.61E-05,0,0.008555435,4.35E-06
15/12/2020,0.986098913,0,0.005095652,0,8.04E-05,0,0.008720652,4.35E-06
16/12/2020,0.985706522,0,0.00523587,0,8.15E-05,0,0.008971739,4.35E-06
17/12/2020,0.985217391,0,0.005395652,0,7.39E-05,0,0.009308696,4.35E-06
18/12/2020,0.984841304,0,0.005469565,0,7.83E-05,0,0.009606522,4.35E-06
19/12/2020,0.984520652,0,0.005629348,0,8.70E-05,0,0.009758696,4.35E-06
20/12/2020,0.984246739,0,0.005741304,0,9.57E-05,0,0.009911957,4.35E-06
21/12/2020,0.983751087,0,0.005915217,0,0.000103261,0,0.010226087,4.35E-06
22/12/2020,0.983320652,0,0.006030435,0,0.000103261,0,0.010541304,4.35E-06
23/12/2020,0.982907609,0,0.006131522,0,0.000119565,0,0.010836957,4.35E-06
24/12/2020,0.982604348,0,0.006148913,0,0.00011413,0,0.011128261,4.35E-06
25/12/2020,0.982563043,0,0.006019565,0,0.000118478,0,0.011294565,4.35E-06
26/12/2020,0.982181522,0,0.006188043,0,0.000121739,0,0.011504348,4.35E-06
27/12/2020,0.981807609,0,0.006441304,0,0.000125,0,0.011621739,4.35E-06
28/12/2020,0.981040217,0,0.006930435,0,0.000125,0,0.0119,4.35E-06
29/12/2020,0.980403261,0,0.007341304,0,0.000130435,0,0.012119565,5.43E-06
30/12/2020,0.979765217,0,0.007790217,0,0.000125,0,0.01231413,5.43E-06
31/12/2020,0.97918587,0,0.008195652,0,0.000125,0,0.012488043,5.43E-06
01/01/2021,0.978990217,0,0.00823587,0,0.000141304,0,0.012627174,5.43E-06
02/01/2021,0.978295652,0,0.008633696,0,0.000152174,0,0.012913043,5.43E-06
03/01/2021,0.977806522,0,0.008745652,0,0.000151087,0,0.013291304,5.43E-06
04/01/2021,0.977120652,0,0.008923913,0,0.000147826,0,0.013802174,5.43E-06
05/01/2021,0.976482609,0,0.009166304,0,0.000146739,0,0.014198913,5.43E-06
06/01/2021,0.976032609,0,0.009259783,0,0.00016413,0,0.014538043,5.43E-06
07/01/2021,0.975127174,0.000370652,0.009413043,0,0.000172826,0,0.01491087,5.43E-06
08/01/2021,0.974165217,0.000930435,0.009421739,0,0.000179348,0,0.015296739,6.52E-06
09/01/2021,0.973247826,0.001498913,0.009465217,0,0.000191304,0,0.015590217,6.52E-06
10/01/2021,0.972408696,0.002078261,0.009442391,0,0.000196739,0,0.015867391,6.52E-06
11/01/2021,0.971478261,0.002682609,0.009359783,0,0.000193478,0,0.016279348,6.52E-06
12/01/2021,0.970581522,0.003308696,0.00895,0,0.00018913,0,0.016963043,7.61E-06
13/01/2021,0.969658696,0.003957609,0.008065217,0,0.000194565,0,0.018116304,7.61E-06
14/01/2021,0.968767391,0.004633696,0.007690217,0,0.000192391,0,0.018707609,8.70E-06
15/01/2021,0.967819565,0.005323913,0.007255435,1.09E-06,0.000190217,0,0.019401087,8.70E-06
16/01/2021,0.966916304,0.006047826,0.006898913,1.09E-06,0.00018587,0,0.019940217,9.78E-06
17/01/2021,0.965990217,0.006809783,0.006042391,2.17E-06,0.000201087,0,0.020940217,1.41E-05
18/01/2021,0.965077174,0.007558696,0.005465217,3.26E-06,0.000191304,0,0.021688043,1.63E-05
19/01/2021,0.964118478,0.008328261,0.005005435,3.26E-06,0.000186957,0,0.022340217,1.74E-05
20/01/2021,0.963171739,0.009102174,0.004657609,3.26E-06,0.000180435,0,0.022867391,1.74E-05
21/01/2021,0.962272826,0.009875,0.00441087,4.35E-06,0.000169565,0,0.02325,1.74E-05
22/01/2021,0.961380435,0.010658696,0.003993478,4.35E-06,0.000165217,0,0.023779348,1.85E-05
23/01/2021,0.960459783,0.011447826,0.00378913,6.52E-06,0.00016413,0,0.024111957,2.07E-05
24/01/2021,0.959577174,0.012219565,0.003526087,6.52E-06,0.000159783,0,0.024490217,2.07E-05
25/01/2021,0.958684783,0.012971739,0.003246739,6.52E-06,0.000152174,0,0.024917391,2.07E-05
26/01/2021,0.957815217,0.013703261,0.003030435,7.61E-06,0.000144565,0,0.025278261,2.07E-05
27/01/2021,0.956991304,0.014411957,0.002801087,9.78E-06,0.000145652,0,0.025619565,2.07E-05
28/01/2021,0.956168478,0.015102174,0.002661957,9.78E-06,0.000145652,0,0.025890217,2.17E-05
29/01/2021,0.955365217,0.015776087,0.002491304,1.09E-05,0.000136957,0,0.026197826,2.17E-05
30/01/2021,0.9546,0.016443478,0.002370652,1.09E-05,0.000134783,0,0.026418478,2.17E-05
31/01/2021,0.953851087,0.017084783,0.002293478,1.09E-05,0.000140217,1.09E-06,0.026595652,2.28E-05
01/02/2021,0.953131522,0.017695652,0.00218587,1.30E-05,0.000130435,1.09E-06,0.026817391,2.50E-05
02/02/2021,0.952397826,0.018281522,0.002080435,1.52E-05,0.000125,1.09E-06,0.027072826,2.61E-05
03/02/2021,0.951715217,0.018841304,0.002023913,1.52E-05,0.000122826,1.09E-06,0.027254348,2.61E-05
04/02/2021,0.951043478,0.019368478,0.001991304,1.52E-05,0.000116304,2.17E-06,0.027436957,2.61E-05
05/02/2021,0.950396739,0.019878261,0.001980435,1.52E-05,0.000117391,2.17E-06,0.027582609,2.72E-05
06/02/2021,0.949793478,0.020369565,0.001983696,1.30E-05,0.000109783,2.17E-06,0.027701087,2.72E-05
07/02/2021,0.949125,0.02093913,0.001942391,1.30E-05,0.000115217,2.17E-06,0.027834783,2.83E-05
08/02/2021,0.948391304,0.021556522,0.001891304,1.41E-05,0.000105435,2.17E-06,0.028007609,3.15E-05
09/02/2021,0.947608696,0.022231522,0.001854348,1.63E-05,9.67E-05,2.17E-06,0.028158696,3.15E-05
10/02/2021,0.946703261,0.023023913,0.001802174,1.30E-05,9.35E-05,3.26E-06,0.028327174,3.37E-05
11/02/2021,0.945758696,0.023867391,0.001794565,1.20E-05,9.13E-05,3.26E-06,0.028438043,3.48E-05
12/02/2021,0.944711957,0.024821739,0.001766304,1.09E-05,8.48E-05,2.17E-06,0.028567391,3.48E-05
13/02/2021,0.943569565,0.025841304,0.001782609,1.20E-05,9.13E-05,1.09E-06,0.028666304,3.59E-05
14/02/2021,0.942391304,0.026916304,0.001771739,1.30E-05,9.02E-05,2.17E-06,0.028779348,3.59E-05
15/02/2021,0.941225,0.027971739,0.001752174,1.52E-05,9.02E-05,2.17E-06,0.028906522,3.70E-05
16/02/2021,0.940011957,0.029082609,0.001741304,1.41E-05,9.35E-05,2.17E-06,0.029016304,3.80E-05
17/02/2021,0.938771739,0.030223913,0.001690217,1.30E-05,9.13E-05,2.17E-06,0.029169565,3.80E-05
18/02/2021,0.937486957,0.031380435,0.00168913,1.30E-05,9.13E-05,2.17E-06,0.029297826,3.91E-05
19/02/2021,0.93621413,0.032567391,0.001642391,1.30E-05,8.37E-05,2.17E-06,0.029438043,3.91E-05
20/02/2021,0.934861957,0.03378587,0.001655435,1.09E-05,9.13E-05,3.26E-06,0.029552174,3.91E-05
21/02/2021,0.933366304,0.035181522,0.00166087,9.78E-06,9.67E-05,3.26E-06,0.029642391,3.91E-05
22/02/2021,0.931647826,0.036728261,0.001688043,8.70E-06,9.57E-05,3.26E-06,0.02978913,3.91E-05
23/02/2021,0.929794565,0.038408696,0.001744565,7.61E-06,9.35E-05,4.35E-06,0.029907609,3.91E-05
24/02/2021,0.927609783,0.040420652,0.001815217,1.09E-05,9.46E-05,4.35E-06,0.030005435,3.91E-05
25/02/2021,0.925105435,0.042703261,0.001942391,1.09E-05,9.35E-05,4.35E-06,0.030101087,3.91E-05
26/02/2021,0.922304348,0.045301087,0.002040217,1.20E-05,9.02E-05,3.26E-06,0.030209783,3.91E-05
27/02/2021,0.919283696,0.04803587,0.002240217,1.41E-05,9.02E-05,3.26E-06,0.030292391,4.02E-05
28/02/2021,0.916333696,0.050759783,0.002370652,1.41E-05,9.67E-05,5.43E-06,0.030379348,4.02E-05
01/03/2021,0.913451087,0.053382609,0.002493478,1.63E-05,8.48E-05,5.43E-06,0.030526087,4.02E-05
02/03/2021,0.910613043,0.055944565,0.00266413,1.63E-05,9.02E-05,5.43E-06,0.030626087,4.02E-05
03/03/2021,0.907976087,0.058294565,0.002856522,1.63E-05,9.35E-05,6.52E-06,0.030716304,4.02E-05
04/03/2021,0.905473913,0.060493478,0.003030435,1.74E-05,0.000105435,6.52E-06,0.030832609,4.02E-05
05/03/2021,0.903195652,0.062483696,0.003176087,1.74E-05,0.000116304,5.43E-06,0.030965217,4.02E-05
06/03/2021,0.900857609,0.064483696,0.003420652,2.07E-05,0.000123913,4.35E-06,0.031048913,4.02E-05
07/03/2021,0.898506522,0.066521739,0.003613043,2.39E-05,0.000144565,4.35E-06,0.031145652,4.02E-05
08/03/2021,0.896126087,0.068490217,0.003871739,2.61E-05,0.000153261,4.35E-06,0.031288043,4.02E-05
09/03/2021,0.893794565,0.070417391,0.004103261,2.93E-05,0.000166304,4.35E-06,0.031443478,4.13E-05
10/03/2021,0.891407609,0.072317391,0.004393478,3.26E-05,0.000175,4.35E-06,0.031627174,4.24E-05
11/03/2021,0.889122826,0.074188043,0.004607609,4.13E-05,0.000195652,5.43E-06,0.031796739,4.24E-05
12/03/2021,0.886846739,0.076025,0.00483913,4.35E-05,0.000196739,8.70E-06,0.031997826,4.24E-05
13/03/2021,0.884602174,0.077896739,0.005048913,4.67E-05,0.000192391,1.09E-05,0.032159783,4.24E-05
14/03/2021,0.882319565,0.079806522,0.00518587,5.22E-05,0.000204348,8.70E-06,0.032379348,4.35E-05
15/03/2021,0.880120652,0.081720652,0.005276087,5.33E-05,0.000213043,9.78E-06,0.032563043,4.35E-05
16/03/2021,0.877761957,0.083595652,0.005430435,6.52E-05,0.000219565,8.70E-06,0.032875,4.35E-05
17/03/2021,0.875456522,0.085479348,0.005607609,7.28E-05,0.000209783,9.78E-06,0.033120652,4.35E-05
18/03/2021,0.873193478,0.087372826,0.005722826,7.83E-05,0.000198913,9.78E-06,0.033380435,4.35E-05
19/03/2021,0.870901087,0.089254348,0.005765217,8.48E-05,0.000194565,9.78E-06,0.033746739,4.35E-05
20/03/2021,0.868633696,0.091154348,0.005867391,8.91E-05,0.000193478,8.70E-06,0.034009783,4.35E-05
21/03/2021,0.866376087,0.093021739,0.005972826,9.89E-05,0.000198913,7.61E-06,0.034280435,4.35E-05
22/03/2021,0.86413587,0.094792391,0.00596413,0.000104348,0.000205435,6.52E-06,0.034747826,4.35E-05
23/03/2021,0.862125,0.096471739,0.00588913,0.00011413,0.000209783,8.70E-06,0.035138043,4.35E-05
24/03/2021,0.860098913,0.09813913,0.005853261,0.000120652,0.000202174,7.61E-06,0.035533696,4.46E-05
25/03/2021,0.858066304,0.09985,0.00583913,0.000125,0.000195652,9.78E-06,0.035868478,4.57E-05
26/03/2021,0.856067391,0.10148587,0.005761957,0.000127174,0.000186957,9.78E-06,0.03631413,4.67E-05
27/03/2021,0.854148913,0.1031,0.005729348,0.000142391,0.00018587,9.78E-06,0.036636957,4.67E-05
28/03/2021,0.852191304,0.104733696,0.005723913,0.000144565,0.000195652,1.09E-05,0.036953261,4.67E-05
29/03/2021,0.850066304,0.106344565,0.005817391,0.000155435,0.000181522,1.09E-05,0.037377174,4.67E-05
30/03/2021,0.848070652,0.107917391,0.005811957,0.000158696,0.000169565,7.61E-06,0.037816304,4.78E-05
31/03/2021,0.846041304,0.109461957,0.005847826,0.00016087,0.00016413,8.70E-06,0.038267391,4.78E-05
01/04/2021,0.843972826,0.111086957,0.005948913,0.000173913,0.000179348,9.78E-06,0.038580435,4.78E-05
02/04/2021,0.841884783,0.112602174,0.006078261,0.00018587,0.000172826,1.20E-05,0.039016304,4.78E-05
03/04/2021,0.839866304,0.114206522,0.006095652,0.000196739,0.000188043,1.20E-05,0.039386957,4.78E-05
04/04/2021,0.837641304,0.115977174,0.006232609,0.000194565,0.000192391,1.20E-05,0.039701087,4.89E-05
05/04/2021,0.835197826,0.117743478,0.006409783,0.000197826,0.000186957,1.09E-05,0.040204348,4.89E-05
06/04/2021,0.832731522,0.119626087,0.00656413,0.000207609,0.000191304,7.61E-06,0.040622826,4.89E-05
07/04/2021,0.830093478,0.121683696,0.006779348,0.000226087,0.00018587,7.61E-06,0.040975,4.89E-05
08/04/2021,0.827125,0.124011957,0.007061957,0.000230435,0.000188043,6.52E-06,0.041325,5.11E-05
09/04/2021,0.823879348,0.126661957,0.007286957,0.000242391,0.000177174,7.61E-06,0.041693478,5.11E-05
10/04/2021,0.82056087,0.129434783,0.007526087,0.000244565,0.000183696,1.20E-05,0.04198587,5.22E-05
11/04/2021,0.817348913,0.132222826,0.007611957,0.000243478,0.000190217,1.52E-05,0.042315217,5.22E-05
12/04/2021,0.813998913,0.134896739,0.007834783,0.00023587,0.000195652,1.41E-05,0.042771739,5.22E-05
13/04/2021,0.81075,0.137488043,0.008058696,0.000254348,0.000184783,1.63E-05,0.043195652,5.22E-05
14/04/2021,0.807586957,0.139975,0.008270652,0.000261957,0.000203261,1.85E-05,0.043630435,5.33E-05
15/04/2021,0.804615217,0.142222826,0.008484783,0.000272826,0.000221739,1.96E-05,0.044109783,5.33E-05
16/04/2021,0.801801087,0.144259783,0.008728261,0.000288043,0.000236957,1.85E-05,0.044613043,5.43E-05
17/04/2021,0.798552174,0.146640217,0.009194565,0.000288043,0.000241304,1.96E-05,0.045009783,5.43E-05
18/04/2021,0.795006522,0.149395652,0.009569565,0.000296739,0.000253261,2.07E-05,0.045401087,5.65E-05
19/04/2021,0.79108913,0.152216304,0.009944565,0.000319565,0.000268478,2.17E-05,0.046082609,5.76E-05
20/04/2021,0.787017391,0.155392391,0.010245652,0.000321739,0.000267391,1.85E-05,0.046679348,5.76E-05
21/04/2021,0.782522826,0.15895,0.010588043,0.000341304,0.000276087,2.28E-05,0.047241304,5.76E-05
22/04/2021,0.777597826,0.162979348,0.010869565,0.000361957,0.000275,2.50E-05,0.047833696,5.76E-05
23/04/2021,0.772103261,0.167478261,0.011231522,0.000371739,0.000275,2.72E-05,0.048455435,5.76E-05
24/04/2021,0.766484783,0.172216304,0.011604348,0.000402174,0.000271739,2.83E-05,0.048934783,5.76E-05
25/04/2021,0.760667391,0.177427174,0.011690217,0.000417391,0.000279348,2.83E-05,0.049431522,5.87E-05
26/04/2021,0.754540217,0.182565217,0.012,0.000446739,0.000283696,3.26E-05,0.050071739,5.98E-05
27/04/2021,0.748601087,0.187747826,0.012088043,0.000465217,0.000270652,3.15E-05,0.050734783,6.09E-05
28/04/2021,0.742396739,0.193141304,0.012169565,0.000490217,0.000258696,2.93E-05,0.051452174,6.20E-05
29/04/2021,0.736326087,0.198413043,0.012195652,0.000523913,0.00026087,2.50E-05,0.052193478,6.20E-05
30/04/2021,0.730451087,0.203715217,0.011997826,0.000527174,0.00025,2.72E-05,0.052968478,6.30E-05
01/05/2021,0.724623913,0.209157609,0.011697826,0.000515217,0.000252174,2.50E-05,0.053665217,6.30E-05
02/05/2021,0.718593478,0.215142391,0.011047826,0.000498913,0.000263043,2.39E-05,0.054367391,6.30E-05
03/05/2021,0.711902174,0.221351087,0.010713043,0.000508696,0.000257609,2.28E-05,0.055180435,6.41E-05
04/05/2021,0.70518587,0.227290217,0.010480435,0.000520652,0.00025,2.83E-05,0.056178261,6.63E-05
05/05/2021,0.69831087,0.233577174,0.00993587,0.000521739,0.000228261,2.72E-05,0.057331522,6.74E-05
06/05/2021,0.691179348,0.240258696,0.009461957,0.000515217,0.000226087,2.83E-05,0.058263043,6.74E-05
07/05/2021,0.683893478,0.247175,0.008731522,0.000494565,0.000207609,2.83E-05,0.059401087,6.85E-05
08/05/2021,0.675981522,0.254647826,0.008359783,0.000501087,0.00021413,2.83E-05,0.060198913,6.85E-05
09/05/2021,0.667775,0.262567391,0.007973913,0.00048587,0.000205435,3.04E-05,0.060893478,6.85E-05
10/05/2021,0.659715217,0.270243478,0.007393478,0.000443478,0.000190217,2.93E-05,0.061915217,6.96E-05
11/05/2021,0.651372826,0.278284783,0.006859783,0.000420652,0.000171739,2.93E-05,0.062790217,7.07E-05
12/05/2021,0.642363043,0.287070652,0.006256522,0.000403261,0.000158696,2.72E-05,0.06365,7.07E-05
13/05/2021,0.633175,0.296027174,0.00576413,0.000366304,0.000155435,2.50E-05,0.064415217,7.17E-05
14/05/2021,0.623997826,0.305016304,0.005216304,0.000329348,0.000147826,2.50E-05,0.065194565,7.28E-05
15/05/2021,0.615578261,0.313263043,0.004990217,0.000329348,0.000144565,2.61E-05,0.065595652,7.28E-05
16/05/2021,0.607831522,0.320857609,0.004866304,0.000322826,0.000152174,2.72E-05,0.065869565,7.28E-05
17/05/2021,0.600231522,0.328258696,0.004573913,0.000305435,0.000134783,2.28E-05,0.066397826,7.50E-05
18/05/2021,0.593016304,0.335309783,0.004154348,0.000286957,0.000132609,2.39E-05,0.067001087,7.50E-05
19/05/2021,0.586673913,0.341521739,0.003704348,0.000257609,0.000130435,2.61E-05,0.06761087,7.50E-05
20/05/2021,0.580676087,0.347403261,0.003371739,0.000231522,0.000117391,2.39E-05,0.068101087,7.50E-05
21/05/2021,0.575088043,0.352844565,0.003091304,0.000208696,0.000111957,1.85E-05,0.068561957,7.50E-05
22/05/2021,0.569592391,0.358233696,0.002886957,0.000202174,0.000101087,1.74E-05,0.068891304,7.50E-05
23/05/2021,0.564022826,0.363741304,0.002670652,0.000190217,0.000101087,1.63E-05,0.069182609,7.50E-05
24/05/2021,0.558797826,0.36886087,0.002367391,0.000176087,8.70E-05,1.63E-05,0.069618478,7.61E-05
25/05/2021,0.553636957,0.373934783,0.002141304,0.000148913,8.04E-05,1.41E-05,0.069966304,7.72E-05
26/05/2021,0.549292391,0.378201087,0.001969565,0.000141304,7.72E-05,1.20E-05,0.070228261,7.83E-05
27/05/2021,0.544928261,0.382473913,0.001861957,0.000133696,7.28E-05,1.20E-05,0.07043913,7.83E-05
28/05/2021,0.540903261,0.386425,0.001721739,0.000117391,6.20E-05,8.70E-06,0.070683696,7.83E-05
29/05/2021,0.53688587,0.390371739,0.001636957,0.00011413,6.20E-05,8.70E-06,0.070842391,7.83E-05
30/05/2021,0.532873913,0.39433587,0.001506522,0.000107609,6.09E-05,8.70E-06,0.071028261,7.83E-05
31/05/2021,0.530147826,0.397005435,0.001354348,9.78E-05,5.65E-05,7.61E-06,0.071252174,7.83E-05
01/06/2021,0.527825,0.39925,0.001245652,0.000103261,5.22E-05,7.61E-06,0.071438043,7.83E-05
02/06/2021,0.525952174,0.401069565,0.001177174,9.46E-05,4.78E-05,6.52E-06,0.071573913,7.83E-05
03/06/2021,0.524103261,0.402844565,0.001117391,9.78E-05,4.46E-05,8.70E-06,0.071705435,7.83E-05
04/06/2021,0.522,0.404869565,0.001047826,0.00011087,4.35E-05,7.61E-06,0.071841304,7.93E-05
05/06/2021,0.519697826,0.407118478,0.000992391,0.000107609,4.24E-05,7.61E-06,0.071954348,7.93E-05
06/06/2021,0.517134783,0.409646739,0.000945652,0.000103261,3.91E-05,6.52E-06,0.072043478,8.04E-05
07/06/2021,0.514484783,0.412226087,0.000906522,9.78E-05,3.80E-05,5.43E-06,0.07216087,8.04E-05
08/06/2021,0.511436957,0.415184783,0.000895652,0.000102174,3.80E-05,3.26E-06,0.072258696,8.04E-05
09/06/2021,0.507743478,0.418801087,0.000896739,0.000102174,3.48E-05,3.26E-06,0.072338043,8.04E-05
10/06/2021,0.504575,0.421911957,0.000878261,9.78E-05,3.59E-05,4.35E-06,0.072416304,8.04E-05
11/06/2021,0.501029348,0.425392391,0.000866304,9.78E-05,3.26E-05,4.35E-06,0.072496739,8.04E-05
12/06/2021,0.497248913,0.429125,0.000846739,0.000103261,2.83E-05,4.35E-06,0.072563043,8.04E-05
13/06/2021,0.49313913,0.433183696,0.00083913,0.000105435,2.61E-05,5.43E-06,0.072620652,8.04E-05
14/06/2021,0.489044565,0.437217391,0.000821739,0.00011087,2.72E-05,5.43E-06,0.072692391,8.04E-05
15/06/2021,0.485113043,0.441065217,0.000820652,0.000118478,2.83E-05,4.35E-06,0.072769565,8.04E-05
16/06/2021,0.48113587,0.444958696,0.000833696,0.000117391,3.37E-05,4.35E-06,0.07283587,8.04E-05
17/06/2021,0.476952174,0.449068478,0.000855435,0.000111957,3.70E-05,4.35E-06,0.072890217,8.04E-05
18/06/2021,0.473419565,0.452517391,0.000865217,0.000108696,4.24E-05,4.35E-06,0.072961957,8.04E-05
19/06/2021,0.470127174,0.455732609,0.000894565,0.000102174,4.24E-05,4.35E-06,0.073016304,8.04E-05
20/06/2021,0.467058696,0.458730435,0.000908696,0.000108696,4.67E-05,4.35E-06,0.073061957,8.04E-05
21/06/2021,0.464344565,0.461356522,0.000930435,0.000109783,4.67E-05,4.35E-06,0.073127174,8.04E-05
22/06/2021,0.462063043,0.463472826,0.000994565,0.000126087,4.67E-05,4.35E-06,0.073211957,8.04E-05
23/06/2021,0.460181522,0.465173913,0.001084783,0.000141304,4.46E-05,6.52E-06,0.073286957,8.04E-05
24/06/2021,0.458521739,0.466640217,0.001197826,0.00016413,4.67E-05,6.52E-06,0.073342391,8.04E-05
25/06/2021,0.456952174,0.467963043,0.001356522,0.000186957,3.91E-05,5.43E-06,0.073416304,8.04E-05
26/06/2021,0.455326087,0.469338043,0.001513043,0.000221739,3.91E-05,7.61E-06,0.073473913,8.04E-05
27/06/2021,0.45361087,0.470798913,0.001683696,0.00025,4.78E-05,8.70E-06,0.073519565,8.04E-05
28/06/2021,0.451917391,0.472123913,0.001940217,0.00028913,5.00E-05,8.70E-06,0.073590217,8.04E-05
29/06/2021,0.450242391,0.473345652,0.002254348,0.000342391,5.76E-05,7.61E-06,0.073669565,8.04E-05
30/06/2021,0.448273913,0.474742391,0.002715217,0.000395652,4.89E-05,8.70E-06,0.073734783,8.04E-05
01/07/2021,0.446453261,0.475993478,0.003134783,0.000463043,5.33E-05,9.78E-06,0.073811957,8.04E-05
02/07/2021,0.444386957,0.477367391,0.003631522,0.000561957,5.65E-05,1.09E-05,0.073904348,8.04E-05
03/07/2021,0.442413043,0.478702174,0.004097826,0.000656522,5.65E-05,9.78E-06,0.073983696,8.04E-05
04/07/2021,0.44028587,0.480223913,0.004541304,0.000722826,6.52E-05,1.30E-05,0.074067391,8.04E-05
05/07/2021,0.438079348,0.481392391,0.005328261,0.000847826,7.39E-05,1.85E-05,0.074179348,8.04E-05
06/07/2021,0.435908696,0.482521739,0.006109783,0.000990217,6.96E-05,1.63E-05,0.074303261,8.04E-05
07/07/2021,0.433759783,0.483573913,0.006853261,0.001143478,7.93E-05,1.63E-05,0.074493478,8.04E-05
08/07/2021,0.431431522,0.484711957,0.007698913,0.001305435,8.70E-05,1.63E-05,0.074668478,8.04E-05
09/07/2021,0.42875,0.486208696,0.008508696,0.001445652,8.80E-05,2.28E-05,0.074895652,8.04E-05
10/07/2021,0.426128261,0.487825,0.009193478,0.001557609,0.000102174,2.28E-05,0.07508913,8.15E-05
11/07/2021,0.423240217,0.489773913,0.009790217,0.001641304,0.000106522,2.61E-05,0.075340217,8.15E-05
12/07/2021,0.420186957,0.491440217,0.010544565,0.001853261,0.000108696,2.39E-05,0.075758696,8.37E-05
13/07/2021,0.416581522,0.493711957,0.011283696,0.001992391,0.000120652,2.93E-05,0.076195652,8.48E-05
14/07/2021,0.412808696,0.496175,0.0119,0.00216087,0.000127174,3.04E-05,0.076713043,8.48E-05
15/07/2021,0.40881413,0.498795652,0.012536957,0.002282609,0.000136957,3.04E-05,0.077318478,8.48E-05
16/07/2021,0.405038043,0.501213043,0.013125,0.002368478,0.000142391,2.93E-05,0.077998913,8.48E-05
17/07/2021,0.400766304,0.504353261,0.013561957,0.00246413,0.000161957,2.72E-05,0.078579348,8.59E-05
18/07/2021,0.39668587,0.507456522,0.0139,0.002538043,0.000175,2.93E-05,0.079129348,8.59E-05
19/07/2021,0.392498913,0.510188043,0.014184783,0.002648913,0.000177174,2.83E-05,0.08018587,8.80E-05
20/07/2021,0.388601087,0.512936957,0.014303261,0.002676087,0.000184783,3.04E-05,0.081179348,8.80E-05
21/07/2021,0.384686957,0.515657609,0.014394565,0.002707609,0.000197826,3.26E-05,0.082234783,8.80E-05
22/07/2021,0.381078261,0.518207609,0.014327174,0.002675,0.000203261,3.59E-05,0.083384783,8.80E-05
23/07/2021,0.377595652,0.520634783,0.014181522,0.00271087,0.000196739,3.59E-05,0.084556522,8.80E-05
24/07/2021,0.374046739,0.52323587,0.014165217,0.002744565,0.000194565,3.70E-05,0.085488043,8.80E-05
25/07/2021,0.370956522,0.525545652,0.014122826,0.002746739,0.000220652,3.70E-05,0.086282609,8.80E-05
26/07/2021,0.367580435,0.527821739,0.013856522,0.002743478,0.000217391,3.59E-05,0.087655435,8.91E-05
27/07/2021,0.364196739,0.530313043,0.013525,0.002680435,0.000234783,3.70E-05,0.088923913,8.91E-05
28/07/2021,0.361018478,0.532670652,0.013086957,0.002646739,0.000236957,3.59E-05,0.09021413,9.02E-05
29/07/2021,0.358051087,0.534872826,0.012582609,0.002577174,0.000226087,3.48E-05,0.091565217,9.02E-05
30/07/2021,0.355246739,0.536961957,0.011793478,0.002481522,0.000222826,3.15E-05,0.093171739,9.02E-05
31/07/2021,0.352490217,0.53901413,0.011272826,0.002444565,0.000228261,3.59E-05,0.094423913,9.02E-05
01/08/2021,0.349913043,0.541276087,0.010533696,0.002384783,0.00023913,4.02E-05,0.095522826,9.02E-05
02/08/2021,0.347623913,0.542881522,0.009688043,0.002244565,0.000240217,3.26E-05,0.097198913,9.02E-05
03/08/2021,0.345659783,0.544309783,0.008667391,0.002101087,0.000238043,3.48E-05,0.098898913,9.02E-05
04/08/2021,0.343597826,0.545797826,0.007720652,0.00186413,0.000232609,3.59E-05,0.10066087,9.02E-05
05/08/2021,0.341202174,0.54758587,0.006979348,0.001736957,0.000229348,3.80E-05,0.102138043,9.02E-05
06/08/2021,0.338698913,0.549577174,0.006217391,0.001607609,0.000228261,4.02E-05,0.103540217,9.02E-05
07/08/2021,0.336068478,0.55173587,0.005865217,0.001563043,0.000232609,4.02E-05,0.104404348,9.02E-05
08/08/2021,0.333446739,0.553986957,0.005604348,0.001521739,0.000230435,4.02E-05,0.105079348,9.02E-05
09/08/2021,0.330794565,0.555953261,0.005208696,0.001452174,0.000220652,4.13E-05,0.106238043,9.13E-05
10/08/2021,0.328466304,0.557823913,0.00493587,0.00138587,0.000207609,4.78E-05,0.107040217,9.24E-05
11/08/2021,0.32655,0.559247826,0.004761957,0.001346739,0.000192391,5.22E-05,0.107755435,9.35E-05
12/08/2021,0.324919565,0.560458696,0.004657609,0.001315217,0.000194565,5.54E-05,0.108304348,9.46E-05
13/08/2021,0.323034783,0.561929348,0.004358696,0.001253261,0.000186957,5.43E-05,0.10908587,9.67E-05
14/08/2021,0.321301087,0.56331413,0.004236957,0.001240217,0.000183696,5.11E-05,0.109576087,9.67E-05
15/08/2021,0.319892391,0.564608696,0.004015217,0.00116413,0.000183696,4.89E-05,0.109990217,9.67E-05
16/08/2021,0.31848913,0.565513043,0.003883696,0.001125,0.000177174,5.33E-05,0.11066087,9.78E-05
17/08/2021,0.317197826,0.566451087,0.003767391,0.001078261,0.000184783,5.22E-05,0.111170652,9.78E-05
18/08/2021,0.315856522,0.567398913,0.003668478,0.001076087,0.000175,4.46E-05,0.111679348,0.000101087
19/08/2021,0.314347826,0.56853587,0.003544565,0.00105,0.000165217,4.35E-05,0.112209783,0.000103261
20/08/2021,0.312902174,0.569627174,0.003391304,0.001011957,0.00016413,3.91E-05,0.112759783,0.000104348
21/08/2021,0.311429348,0.570806522,0.003326087,0.000976087,0.000165217,3.80E-05,0.113153261,0.000105435
22/08/2021,0.309942391,0.572091304,0.003171739,0.000955435,0.000169565,3.70E-05,0.113525,0.000107609
23/08/2021,0.308521739,0.57315,0.002995652,0.000967391,0.000169565,3.59E-05,0.114052174,0.000107609
24/08/2021,0.307043478,0.574317391,0.002915217,0.00096413,0.000161957,3.26E-05,0.114455435,0.000109783
25/08/2021,0.305822826,0.575273913,0.002845652,0.000975,0.000158696,3.04E-05,0.114782609,0.00011087
26/08/2021,0.304825,0.575965217,0.002831522,0.000959783,0.000143478,3.48E-05,0.115127174,0.000113043
27/08/2021,0.303808696,0.576711957,0.002681522,0.000926087,0.000142391,3.15E-05,0.115582609,0.000115217
28/08/2021,0.302541304,0.577757609,0.002591304,0.000903261,0.000138043,2.93E-05,0.115922826,0.000116304
29/08/2021,0.301346739,0.578769565,0.002494565,0.000916304,0.000142391,3.04E-05,0.116182609,0.000117391
30/08/2021,0.300402174,0.579386957,0.00236087,0.000870652,0.000136957,3.26E-05,0.116690217,0.000119565
31/08/2021,0.299376087,0.580173913,0.002265217,0.000865217,0.000126087,3.37E-05,0.117040217,0.000119565
01/09/2021,0.29835,0.581003261,0.002177174,0.000859783,0.000122826,3.15E-05,0.11733587,0.000119565
02/09/2021,0.297329348,0.581772826,0.002161957,0.000845652,0.000127174,3.15E-05,0.11761087,0.000120652
03/09/2021,0.296155435,0.582696739,0.002107609,0.000823913,0.000118478,2.93E-05,0.117945652,0.000122826
04/09/2021,0.294876087,0.583788043,0.00203913,0.000848913,0.000120652,2.83E-05,0.118176087,0.000122826
05/09/2021,0.293622826,0.584907609,0.001959783,0.000841304,0.000132609,3.04E-05,0.118381522,0.000123913
06/09/2021,0.293,0.585272826,0.001867391,0.00081087,0.000128261,3.04E-05,0.118765217,0.000125
07/09/2021,0.29196087,0.586134783,0.001796739,0.000813043,0.000118478,2.83E-05,0.119019565,0.000128261
08/09/2021,0.290926087,0.586990217,0.001736957,0.000777174,0.000115217,2.61E-05,0.119298913,0.000129348
09/09/2021,0.289780435,0.587988043,0.001655435,0.000744565,0.000115217,2.17E-05,0.119565217,0.000129348
10/09/2021,0.288757609,0.588873913,0.001520652,0.00071087,0.000111957,1.85E-05,0.119877174,0.000129348
11/09/2021,0.28778913,0.589731522,0.001438043,0.000703261,0.000105435,1.74E-05,0.12008587,0.000129348
12/09/2021,0.28675,0.590680435,0.001368478,0.000680435,0.000106522,1.96E-05,0.120265217,0.000129348
13/09/2021,0.286032609,0.59121413,0.001319565,0.000642391,0.000105435,2.17E-05,0.120533696,0.000130435
14/09/2021,0.28525,0.591847826,0.00126413,0.000618478,9.57E-05,2.28E-05,0.120770652,0.000130435
15/09/2021,0.284517391,0.592426087,0.001245652,0.000601087,9.13E-05,2.39E-05,0.12096413,0.000130435
16/09/2021,0.283852174,0.592970652,0.001186957,0.000592391,8.91E-05,2.17E-05,0.121156522,0.000130435
17/09/2021,0.28316087,0.593542391,0.001141304,0.000551087,7.83E-05,2.28E-05,0.121372826,0.000130435
18/09/2021,0.282684783,0.593898913,0.001106522,0.000541304,8.48E-05,2.17E-05,0.121531522,0.000130435
19/09/2021,0.28198913,0.594520652,0.001047826,0.000529348,8.70E-05,2.28E-05,0.121672826,0.000130435
20/09/2021,0.281513043,0.594841304,0.001044565,0.000492391,8.15E-05,2.50E-05,0.121871739,0.000130435
21/09/2021,0.28091413,0.595342391,0.000990217,0.000483696,7.83E-05,2.61E-05,0.122034783,0.000130435
22/09/2021,0.280305435,0.595842391,0.000982609,0.00048587,7.50E-05,2.61E-05,0.122152174,0.000130435
23/09/2021,0.279784783,0.596245652,0.000956522,0.000488043,7.39E-05,2.39E-05,0.122296739,0.000130435
24/09/2021,0.279225,0.596676087,0.000925,0.000465217,7.07E-05,2.28E-05,0.122484783,0.000130435
25/09/2021,0.278936957,0.596895652,0.000886957,0.000443478,6.85E-05,2.39E-05,0.12261413,0.000130435
26/09/2021,0.278403261,0.597367391,0.000851087,0.000419565,6.85E-05,2.61E-05,0.122733696,0.000130435
27/09/2021,0.277923913,0.597723913,0.000815217,0.000393478,6.85E-05,2.61E-05,0.122918478,0.000130435
28/09/2021,0.277536957,0.59801087,0.000804348,0.000391304,6.30E-05,2.72E-05,0.12303587,0.000130435
29/09/2021,0.277142391,0.598304348,0.000775,0.000388043,5.65E-05,2.93E-05,0.123173913,0.000130435
30/09/2021,0.276805435,0.598523913,0.000775,0.000386957,5.22E-05,3.04E-05,0.123295652,0.000130435
01/10/2021,0.27636413,0.59891087,0.000744565,0.000365217,4.78E-05,3.26E-05,0.123404348,0.000130435
02/10/2021,0.276016304,0.599129348,0.000783696,0.00036413,4.57E-05,3.26E-05,0.123497826,0.000130435
03/10/2021,0.275606522,0.599478261,0.000783696,0.000342391,4.57E-05,3.15E-05,0.123580435,0.000131522
04/10/2021,0.27536087,0.599611957,0.000752174,0.000332609,4.13E-05,3.15E-05,0.123738043,0.000131522
05/10/2021,0.275091304,0.599770652,0.000772826,0.000338043,4.02E-05,2.83E-05,0.123827174,0.000131522
06/10/2021,0.274809783,0.599955435,0.000788043,0.000346739,3.80E-05,2.72E-05,0.123903261,0.000131522
07/10/2021,0.274491304,0.600145652,0.000803261,0.000369565,4.24E-05,2.61E-05,0.123990217,0.000131522
08/10/2021,0.274234783,0.600261957,0.000821739,0.000381522,4.67E-05,2.61E-05,0.124095652,0.000131522
09/10/2021,0.273883696,0.600493478,0.000840217,0.000392391,3.91E-05,2.72E-05,0.124191304,0.000132609
10/10/2021,0.273547826,0.600747826,0.000826087,0.000408696,3.91E-05,2.72E-05,0.124270652,0.000132609
11/10/2021,0.273216304,0.60091087,0.000820652,0.000431522,4.02E-05,2.28E-05,0.124425,0.000132609
12/10/2021,0.272853261,0.601111957,0.000861957,0.000466304,4.13E-05,2.50E-05,0.124507609,0.000132609
13/10/2021,0.272468478,0.60136087,0.000876087,0.00048913,4.24E-05,2.28E-05,0.124607609,0.000132609
14/10/2021,0.272104348,0.601577174,0.00091413,0.000507609,4.57E-05,2.07E-05,0.124697826,0.000132609
15/10/2021,0.271781522,0.601768478,0.000923913,0.000505435,4.46E-05,1.85E-05,0.124825,0.000132609
16/10/2021,0.27138587,0.602036957,0.000961957,0.000518478,4.13E-05,1.96E-05,0.124903261,0.000132609
17/10/2021,0.271019565,0.602313043,0.000973913,0.000529348,4.35E-05,1.96E-05,0.124967391,0.000133696
18/10/2021,0.27073587,0.602419565,0.00098587,0.000526087,4.46E-05,2.17E-05,0.125132609,0.000133696
19/10/2021,0.270408696,0.602597826,0.00098913,0.000530435,4.46E-05,2.50E-05,0.125270652,0.000133696
20/10/2021,0.270082609,0.602772826,0.001004348,0.000545652,4.13E-05,2.72E-05,0.125392391,0.000133696
21/10/2021,0.269781522,0.602929348,0.001042391,0.000542391,3.70E-05,2.61E-05,0.125507609,0.000133696
22/10/2021,0.269411957,0.603129348,0.001023913,0.000548913,3.48E-05,2.50E-05,0.125692391,0.000133696
23/10/2021,0.269120652,0.603291304,0.001034783,0.000543478,3.80E-05,2.93E-05,0.125808696,0.000133696
24/10/2021,0.2687,0.603640217,0.000997826,0.000530435,3.80E-05,2.93E-05,0.125930435,0.000133696
25/10/2021,0.268302174,0.603841304,0.001018478,0.000553261,3.91E-05,2.50E-05,0.126086957,0.000133696
26/10/2021,0.267884783,0.604104348,0.001029348,0.000565217,3.80E-05,2.50E-05,0.126219565,0.000133696
27/10/2021,0.2675,0.604308696,0.001056522,0.000588043,3.80E-05,2.28E-05,0.126351087,0.000134783
28/10/2021,0.26706413,0.604645652,0.001052174,0.000605435,4.24E-05,2.28E-05,0.126432609,0.000134783
29/10/2021,0.266631522,0.604868478,0.001045652,0.000621739,4.57E-05,2.17E-05,0.126630435,0.000134783
30/10/2021,0.266244565,0.605094565,0.001065217,0.000641304,4.24E-05,2.17E-05,0.126755435,0.000134783
31/10/2021,0.265831522,0.605388043,0.001057609,0.000636957,4.78E-05,2.28E-05,0.126880435,0.000134783
01/11/2021,0.265423913,0.605488043,0.001118478,0.000708696,5.00E-05,2.61E-05,0.12705,0.000134783
02/11/2021,0.265084783,0.605607609,0.001169565,0.000715217,4.89E-05,2.50E-05,0.12721413,0.000134783
03/11/2021,0.264732609,0.60573587,0.001218478,0.000765217,5.00E-05,2.61E-05,0.127336957,0.000134783
04/11/2021,0.264388043,0.605840217,0.001276087,0.000817391,5.11E-05,2.93E-05,0.127463043,0.000134783
05/11/2021,0.264023913,0.605991304,0.001270652,0.000843478,4.89E-05,3.04E-05,0.127656522,0.000134783
06/11/2021,0.263736957,0.60608587,0.001319565,0.000869565,5.00E-05,2.72E-05,0.127776087,0.000134783
07/11/2021,0.263334783,0.606370652,0.001303261,0.00088587,5.22E-05,2.61E-05,0.127892391,0.000134783
08/11/2021,0.262840217,0.606523913,0.00141413,0.000927174,5.11E-05,2.83E-05,0.128080435,0.000134783
09/11/2021,0.262365217,0.606759783,0.001470652,0.000956522,4.67E-05,2.72E-05,0.128238043,0.00013587
10/11/2021,0.261865217,0.606976087,0.001534783,0.001003261,4.78E-05,2.83E-05,0.128408696,0.00013587
11/11/2021,0.261394565,0.607154348,0.001577174,0.001044565,5.54E-05,2.83E-05,0.128609783,0.00013587
12/11/2021,0.260871739,0.607463043,0.001557609,0.001006522,5.87E-05,2.93E-05,0.128877174,0.00013587
13/11/2021,0.26035,0.607733696,0.001591304,0.001045652,6.09E-05,2.72E-05,0.129055435,0.00013587
14/11/2021,0.259752174,0.608128261,0.001579348,0.001063043,6.09E-05,3.15E-05,0.129248913,0.00013587
15/11/2021,0.25906413,0.608375,0.001695652,0.001082609,5.87E-05,3.59E-05,0.129552174,0.00013587
16/11/2021,0.258391304,0.608609783,0.00186087,0.001157609,5.54E-05,3.59E-05,0.129753261,0.00013587
17/11/2021,0.257740217,0.608902174,0.00201413,0.001193478,5.22E-05,3.59E-05,0.129926087,0.00013587
18/11/2021,0.257068478,0.609158696,0.00213913,0.001268478,5.33E-05,3.70E-05,0.13013913,0.00013587
19/11/2021,0.256280435,0.609516304,0.002222826,0.001326087,5.76E-05,3.26E-05,0.130428261,0.00013587
20/11/2021,0.255569565,0.609952174,0.002241304,0.001334783,6.30E-05,3.70E-05,0.130666304,0.00013587
21/11/2021,0.254720652,0.610594565,0.00223587,0.001334783,6.74E-05,4.02E-05,0.130870652,0.00013587
22/11/2021,0.253694565,0.611057609,0.002393478,0.001395652,6.74E-05,4.13E-05,0.13121413,0.00013587
23/11/2021,0.252671739,0.611634783,0.002501087,0.00148587,6.63E-05,4.57E-05,0.131458696,0.00013587
24/11/2021,0.251578261,0.612286957,0.002604348,0.00158913,6.41E-05,5.00E-05,0.131691304,0.00013587
25/11/2021,0.250458696,0.612921739,0.002713043,0.001636957,6.09E-05,4.78E-05,0.132025,0.00013587
26/11/2021,0.249213043,0.613636957,0.002821739,0.001675,6.30E-05,4.46E-05,0.132409783,0.00013587
27/11/2021,0.248023913,0.614367391,0.002853261,0.001779348,7.07E-05,4.24E-05,0.132727174,0.00013587
28/11/2021,0.246733696,0.615332609,0.002851087,0.001841304,7.28E-05,4.13E-05,0.132991304,0.00013587
29/11/2021,0.245447826,0.615923913,0.002947826,0.001932609,7.17E-05,4.24E-05,0.133497826,0.00013587
30/11/2021,0.244175,0.616542391,0.003119565,0.002054348,7.17E-05,4.78E-05,0.133852174,0.000136957
01/12/2021,0.242947826,0.617232609,0.0033,0.002141304,7.07E-05,4.46E-05,0.134126087,0.000136957
02/12/2021,0.241715217,0.61788587,0.003436957,0.002227174,7.28E-05,4.13E-05,0.134483696,0.000136957
03/12/2021,0.240405435,0.618643478,0.003501087,0.002217391,7.28E-05,4.02E-05,0.134982609,0.000136957
04/12/2021,0.23925,0.619342391,0.003557609,0.002255435,7.93E-05,3.91E-05,0.13533913,0.000136957
05/12/2021,0.238046739,0.620252174,0.003503261,0.002253261,8.15E-05,3.70E-05,0.13568913,0.000136957
06/12/2021,0.236707609,0.620783696,0.003630435,0.00228587,8.59E-05,3.59E-05,0.136333696,0.000136957
07/12/2021,0.235471739,0.6214,0.003777174,0.002280435,8.59E-05,3.59E-05,0.136811957,0.000136957
08/12/2021,0.2343,0.62196087,0.003909783,0.002322826,8.91E-05,4.13E-05,0.137238043,0.000138043
09/12/2021,0.23313587,0.622484783,0.003988043,0.002357609,0.000102174,4.46E-05,0.137748913,0.000138043
10/12/2021,0.232021739,0.622998913,0.003970652,0.002319565,9.89E-05,3.80E-05,0.13841413,0.000138043
11/12/2021,0.231034783,0.623469565,0.003984783,0.002382609,0.000101087,3.80E-05,0.13885,0.00013913
12/12/2021,0.229996739,0.624097826,0.003923913,0.002395652,0.000102174,3.80E-05,0.139303261,0.000142391
13/12/2021,0.228886957,0.624393478,0.00401087,0.002419565,0.000104348,3.80E-05,0.140004348,0.000142391
14/12/2021,0.227975,0.624644565,0.004113043,0.002519565,0.000106522,4.24E-05,0.140456522,0.000142391
15/12/2021,0.227020652,0.624970652,0.004254348,0.002583696,0.000109783,4.46E-05,0.140872826,0.000143478
16/12/2021,0.226154348,0.625142391,0.004303261,0.002697826,0.000106522,5.00E-05,0.141402174,0.000143478
17/12/2021,0.225166304,0.62545,0.004234783,0.002730435,0.00011087,4.67E-05,0.142117391,0.000143478
18/12/2021,0.224318478,0.625770652,0.004195652,0.002778261,0.000117391,4.78E-05,0.142628261,0.000143478
19/12/2021,0.223269565,0.626329348,0.004188043,0.002796739,0.000120652,5.00E-05,0.143101087,0.000144565
20/12/2021,0.222288043,0.626453261,0.004169565,0.002883696,0.000121739,4.46E-05,0.143893478,0.000145652
21/12/2021,0.221216304,0.626607609,0.004354348,0.003066304,0.000118478,4.67E-05,0.144444565,0.000145652
22/12/2021,0.220141304,0.626796739,0.004521739,0.003283696,0.000119565,3.70E-05,0.144954348,0.000145652
23/12/2021,0.219148913,0.62683587,0.004590217,0.003491304,0.000109783,3.48E-05,0.145643478,0.000145652
24/12/2021,0.217963043,0.627072826,0.004625,0.003675,0.00011413,3.70E-05,0.146367391,0.000145652
25/12/2021,0.217142391,0.627553261,0.004481522,0.003659783,0.000109783,3.04E-05,0.146877174,0.000145652
26/12/2021,0.21596087,0.62761087,0.00471087,0.004051087,0.00011413,3.15E-05,0.147375,0.000145652
27/12/2021,0.214613043,0.626869565,0.005140217,0.004854348,0.000111957,3.48E-05,0.148229348,0.000146739
28/12/2021,0.213258696,0.625709783,0.005802174,0.006197826,0.000117391,3.37E-05,0.148732609,0.000147826
29/12/2021,0.21168587,0.623715217,0.006675,0.008330435,0.000126087,2.93E-05,0.14928913,0.000148913
30/12/2021,0.210016304,0.621329348,0.007623913,0.010875,0.000123913,2.83E-05,0.149854348,0.000148913
31/12/2021,0.208243478,0.619341304,0.008515217,0.013095652,0.000118478,3.15E-05,0.150505435,0.000148913
01/01/2022,0.207046739,0.618328261,0.008834783,0.01446087,0.000128261,3.80E-05,0.15101413,0.000148913
02/01/2022,0.20523587,0.616413043,0.009965217,0.016655435,0.000140217,4.24E-05,0.151397826,0.00015
03/01/2022,0.20258913,0.613329348,0.01191087,0.019621739,0.000132609,4.46E-05,0.152221739,0.00015
04/01/2022,0.200204348,0.61086413,0.013818478,0.022166304,0.000136957,5.00E-05,0.152608696,0.000151087
05/01/2022,0.197429348,0.608366304,0.015922826,0.024528261,0.000136957,6.09E-05,0.153404348,0.000151087
06/01/2022,0.195682609,0.607154348,0.016572826,0.02543913,0.000141304,6.63E-05,0.154792391,0.000151087
07/01/2022,0.192691304,0.604881522,0.018190217,0.026173913,0.000132609,7.07E-05,0.157708696,0.000151087
08/01/2022,0.19048587,0.603393478,0.019086957,0.02603587,0.000144565,7.61E-05,0.160626087,0.000151087
09/01/2022,0.188473913,0.602408696,0.019527174,0.025426087,0.000158696,7.50E-05,0.163778261,0.000152174
10/01/2022,0.185983696,0.600815217,0.02031087,0.024401087,0.000155435,7.39E-05,0.168106522,0.000153261
11/01/2022,0.184084783,0.599772826,0.020976087,0.023703261,0.00016087,8.26E-05,0.171066304,0.000153261
12/01/2022,0.182063043,0.59863587,0.021566304,0.023028261,0.000161957,9.13E-05,0.1743,0.000153261
13/01/2022,0.179854348,0.597763043,0.021663043,0.021491304,0.000157609,9.57E-05,0.178820652,0.000154348
14/01/2022,0.17778913,0.597145652,0.020919565,0.019532609,0.000156522,9.35E-05,0.184207609,0.000155435
15/01/2022,0.176136957,0.596643478,0.020032609,0.017815217,0.000165217,9.46E-05,0.188956522,0.000155435
16/01/2022,0.174491304,0.596438043,0.019146739,0.016393478,0.000161957,9.89E-05,0.19311087,0.000158696
17/01/2022,0.172246739,0.595865217,0.019478261,0.015727174,0.00016413,8.48E-05,0.196275,0.000158696
18/01/2022,0.170511957,0.595530435,0.018568478,0.014453261,0.000161957,8.37E-05,0.200530435,0.000159783
19/01/2022,0.168832609,0.594971739,0.018188043,0.013858696,0.000161957,7.61E-05,0.203751087,0.000159783
20/01/2022,0.167122826,0.59458913,0.01793587,0.013182609,0.000171739,7.50E-05,0.206763043,0.000159783
21/01/2022,0.165332609,0.594084783,0.016911957,0.012146739,0.000167391,7.39E-05,0.211120652,0.000161957
22/01/2022,0.163795652,0.593572826,0.016363043,0.011557609,0.000161957,7.17E-05,0.214313043,0.00016413
23/01/2022,0.162241304,0.593203261,0.015667391,0.010758696,0.000173913,7.07E-05,0.217720652,0.00016413
24/01/2022,0.159943478,0.592398913,0.015641304,0.010636957,0.000157609,6.52E-05,0.220990217,0.000166304
25/01/2022,0.158128261,0.59175,0.015392391,0.010469565,0.000163043,6.41E-05,0.223865217,0.000167391
26/01/2022,0.156302174,0.590870652,0.015613043,0.010657609,0.000172826,6.52E-05,0.226148913,0.000169565
27/01/2022,0.154488043,0.590156522,0.016134783,0.010844565,0.000167391,6.85E-05,0.227969565,0.000170652
28/01/2022,0.15266087,0.589354348,0.015805435,0.010806522,0.000158696,6.74E-05,0.230972826,0.000173913
29/01/2022,0.151365217,0.588605435,0.015708696,0.010883696,0.000154348,6.85E-05,0.23303913,0.000175
30/01/2022,0.149823913,0.587982609,0.015769565,0.010876087,0.00016413,6.85E-05,0.235140217,0.000175
31/01/2022,0.147577174,0.586857609,0.016623913,0.011465217,0.000158696,7.28E-05,0.237067391,0.000177174
01/02/2022,0.145667391,0.585919565,0.017134783,0.011748913,0.000156522,7.72E-05,0.239118478,0.000177174
02/02/2022,0.143879348,0.584715217,0.01775,0.01231087,0.00016087,8.70E-05,0.240919565,0.000177174
03/02/2022,0.142044565,0.583603261,0.018516304,0.01281087,0.000153261,7.93E-05,0.242613043,0.000179348
04/02/2022,0.140334783,0.582556522,0.01835,0.012909783,0.000147826,8.04E-05,0.245441304,0.000179348
05/02/2022,0.138975,0.581555435,0.018358696,0.013008696,0.000144565,8.70E-05,0.247691304,0.000179348
06/02/2022,0.137693478,0.580623913,0.018126087,0.012917391,0.000147826,9.46E-05,0.25021413,0.000182609
07/02/2022,0.135727174,0.579253261,0.018601087,0.013320652,0.000144565,9.78E-05,0.252671739,0.000183696
08/02/2022,0.134143478,0.578080435,0.018691304,0.013561957,0.000125,0.000101087,0.255109783,0.000186957
09/02/2022,0.132748913,0.576848913,0.018955435,0.013957609,0.000126087,0.0001,0.257073913,0.00018913
10/02/2022,0.13128913,0.575667391,0.019163043,0.014255435,0.000131522,9.57E-05,0.259207609,0.000190217
11/02/2022,0.1298,0.57471413,0.018584783,0.013825,0.000121739,8.70E-05,0.262677174,0.000190217
12/02/2022,0.128651087,0.573955435,0.017947826,0.013466304,0.000122826,8.48E-05,0.265577174,0.000194565
13/02/2022,0.12741087,0.573198913,0.017404348,0.012945652,0.000122826,8.80E-05,0.268633696,0.000195652
14/02/2022,0.125552174,0.572142391,0.017495652,0.012806522,0.000123913,8.15E-05,0.271598913,0.000198913
15/02/2022,0.123978261,0.571223913,0.017347826,0.012613043,0.000120652,7.93E-05,0.27443587,0.000201087
16/02/2022,0.122471739,0.570308696,0.01743587,0.012570652,0.000122826,8.91E-05,0.276798913,0.000202174
17/02/2022,0.121077174,0.569573913,0.017577174,0.01236087,0.000116304,8.80E-05,0.279002174,0.000204348
18/02/2022,0.119583696,0.568829348,0.016992391,0.011778261,0.000111957,8.04E-05,0.282418478,0.000205435
19/02/2022,0.118520652,0.568203261,0.016397826,0.01123913,0.00011087,8.15E-05,0.285240217,0.000206522
20/02/2022,0.117341304,0.567583696,0.016038043,0.010621739,0.000108696,8.48E-05,0.28801413,0.000207609
21/02/2022,0.115655435,0.566719565,0.01621413,0.010371739,0.00011413,7.93E-05,0.29063587,0.000209783
22/02/2022,0.114309783,0.565915217,0.015992391,0.010266304,0.000108696,8.15E-05,0.29311413,0.000211957
23/02/2022,0.112982609,0.565155435,0.016128261,0.010292391,9.78E-05,8.80E-05,0.295042391,0.000213043
24/02/2022,0.111832609,0.564480435,0.016048913,0.010201087,9.67E-05,8.70E-05,0.29703913,0.00021413
25/02/2022,0.110715217,0.563881522,0.015240217,0.009741304,8.91E-05,8.80E-05,0.300029348,0.000215217
26/02/2022,0.109651087,0.563306522,0.014596739,0.009354348,8.91E-05,8.37E-05,0.302701087,0.000217391
27/02/2022,0.108682609,0.562781522,0.013918478,0.00891413,8.91E-05,8.37E-05,0.30531087,0.000219565
28/02/2022,0.10703913,0.561984783,0.014051087,0.00891087,8.70E-05,7.83E-05,0.307628261,0.000220652
01/03/2022,0.105713043,0.561254348,0.013775,0.008851087,8.70E-05,8.04E-05,0.310017391,0.000221739
02/03/2022,0.104321739,0.560457609,0.013992391,0.008968478,8.37E-05,7.50E-05,0.311879348,0.000221739
03/03/2022,0.102894565,0.559695652,0.014165217,0.009075,7.72E-05,7.07E-05,0.313797826,0.000223913
04/03/2022,0.101496739,0.558970652,0.013727174,0.008854348,7.39E-05,6.63E-05,0.316584783,0.000226087
05/03/2022,0.100442391,0.558392391,0.013496739,0.008643478,7.17E-05,6.63E-05,0.318659783,0.000227174
06/03/2022,0.09936087,0.557804348,0.013265217,0.008469565,6.96E-05,7.28E-05,0.320729348,0.000228261
07/03/2022,0.098417391,0.557242391,0.013098913,0.008359783,7.07E-05,7.39E-05,0.322507609,0.000229348
08/03/2022,0.096136957,0.555968478,0.014501087,0.009106522,7.61E-05,6.63E-05,0.323913043,0.000231522
09/03/2022,0.09445,0.554859783,0.014017391,0.008628261,6.85E-05,6.52E-05,0.327678261,0.000232609
10/03/2022,0.092483696,0.553578261,0.014861957,0.009193478,6.52E-05,6.85E-05,0.329516304,0.000232609
11/03/2022,0.090818478,0.552529348,0.014455435,0.008845652,5.76E-05,6.41E-05,0.332995652,0.000233696
12/03/2022,0.089290217,0.551540217,0.014882609,0.009198913,6.20E-05,6.20E-05,0.334730435,0.000233696
13/03/2022,0.087988043,0.550723913,0.014936957,0.009343478,6.63E-05,6.30E-05,0.336644565,0.000233696
14/03/2022,0.085711957,0.549401087,0.016320652,0.010120652,7.17E-05,5.98E-05,0.338080435,0.000233696
15/03/2022,0.083809783,0.54828587,0.016690217,0.010386957,7.17E-05,6.09E-05,0.340459783,0.000234783
16/03/2022,0.081732609,0.546828261,0.017384783,0.010927174,7.83E-05,6.20E-05,0.342751087,0.00023587
17/03/2022,0.079443478,0.545453261,0.018277174,0.011323913,8.04E-05,6.63E-05,0.345119565,0.00023587
18/03/2022,0.077252174,0.544068478,0.019103261,0.0116,7.83E-05,6.20E-05,0.3476,0.00023587
19/03/2022,0.075313043,0.542838043,0.019013043,0.01168913,8.04E-05,7.83E-05,0.350752174,0.00023587
20/03/2022,0.073225,0.541501087,0.01961087,0.012159783,8.59E-05,8.37E-05,0.353094565,0.00023913
21/03/2022,0.069986957,0.539603261,0.021013043,0.012827174,9.13E-05,9.02E-05,0.356146739,0.000241304
22/03/2022,0.067227174,0.537869565,0.022006522,0.013445652,8.91E-05,9.24E-05,0.359027174,0.000242391
23/03/2022,0.064473913,0.536144565,0.023118478,0.013984783,7.93E-05,9.46E-05,0.36186087,0.000243478
24/03/2022,0.061520652,0.534202174,0.024518478,0.014683696,7.28E-05,9.35E-05,0.364665217,0.000243478
25/03/2022,0.059683696,0.532869565,0.024025,0.014632609,7.93E-05,9.24E-05,0.368373913,0.000243478
26/03/2022,0.056693478,0.530998913,0.025079348,0.01528587,8.70E-05,9.02E-05,0.371520652,0.000244565
27/03/2022,0.054207609,0.529373913,0.025441304,0.015518478,9.24E-05,9.35E-05,0.375028261,0.000244565
28/03/2022,0.050358696,0.527108696,0.026870652,0.016340217,8.91E-05,9.89E-05,0.378886957,0.000246739
29/03/2022,0.047527174,0.525316304,0.027216304,0.016484783,9.13E-05,9.78E-05,0.383018478,0.000247826
30/03/2022,0.044942391,0.523601087,0.027538043,0.016703261,8.91E-05,9.78E-05,0.386780435,0.000247826
31/03/2022,0.0425,0.522058696,0.027563043,0.016492391,8.15E-05,9.46E-05,0.39096087,0.000248913
